-- PERSON
INSERT INTO `balance`.`PERSON` (ID,NAME) VALUES (1,'Jonas');
INSERT INTO `balance`.`PERSON` (ID,NAME) VALUES (2,'Marina');
-- TRANSACTION_TYPE
INSERT INTO `balance`.`TP_TRANSACTION` (ID,POSITIVE,TEXT) VALUES (1,true,'Credit');
INSERT INTO `balance`.`TP_TRANSACTION` (ID,POSITIVE,TEXT) VALUES (2,false,'Debit');
-- CATEGORY
INSERT INTO `balance`.`CATEGORY` (ID,TEXT,ID_PARENT) VALUES (1,'Income',null);
INSERT INTO `balance`.`CATEGORY` (ID,TEXT,ID_PARENT) VALUES (2,'Expense',null);
-- Income
INSERT INTO `balance`.`CATEGORY` (ID,TEXT,ID_PARENT) VALUES (3,'Salário',1);
INSERT INTO `balance`.`CATEGORY` (ID,TEXT,ID_PARENT) VALUES (4,'Adicional de Qualificação',1);
INSERT INTO `balance`.`CATEGORY` (ID,TEXT,ID_PARENT) VALUES (5,'Anuênios / Triênios',1);
INSERT INTO `balance`.`CATEGORY` (ID,TEXT,ID_PARENT) VALUES (6,'FCT',1);
INSERT INTO `balance`.`CATEGORY` (ID,TEXT,ID_PARENT) VALUES (7,'Férias',1);
INSERT INTO `balance`.`CATEGORY` (ID,TEXT,ID_PARENT) VALUES (8,'13º Salário',1);
INSERT INTO `balance`.`CATEGORY` (ID,TEXT,ID_PARENT) VALUES (9,'Receita extra',1);
INSERT INTO `balance`.`CATEGORY` (ID,TEXT,ID_PARENT) VALUES (10,'Outros',1);
-- Expense
INSERT INTO `balance`.`CATEGORY` (ID,TEXT,ID_PARENT) VALUES (11,'Alimentação',2);
INSERT INTO `balance`.`CATEGORY` (ID,TEXT,ID_PARENT) VALUES (12,'Mercado',11);
INSERT INTO `balance`.`CATEGORY` (ID,TEXT,ID_PARENT) VALUES (13,'Ticket Alimentação',11);
INSERT INTO `balance`.`CATEGORY` (ID,TEXT,ID_PARENT) VALUES (14,'Outros',11);
-- HABITACAO
INSERT INTO `balance`.`CATEGORY` (ID,TEXT,ID_PARENT) VALUES (15,'Habitação',2);
INSERT INTO `balance`.`CATEGORY` (ID,TEXT,ID_PARENT) VALUES (16,'Prestação Caixa',15);
INSERT INTO `balance`.`CATEGORY` (ID,TEXT,ID_PARENT) VALUES (17,'Prestação Pai',15);
INSERT INTO `balance`.`CATEGORY` (ID,TEXT,ID_PARENT) VALUES (18,'Condomínio',15);
INSERT INTO `balance`.`CATEGORY` (ID,TEXT,ID_PARENT) VALUES (19,'NET',15);
INSERT INTO `balance`.`CATEGORY` (ID,TEXT,ID_PARENT) VALUES (20,'Energia elétrica',15);
INSERT INTO `balance`.`CATEGORY` (ID,TEXT,ID_PARENT) VALUES (21,'Gás',15);
INSERT INTO `balance`.`CATEGORY` (ID,TEXT,ID_PARENT) VALUES (77,'IPTU',15);
INSERT INTO `balance`.`CATEGORY` (ID,TEXT,ID_PARENT) VALUES (22,'Celular',15);
INSERT INTO `balance`.`CATEGORY` (ID,TEXT,ID_PARENT) VALUES (23,'Diarista',15);
INSERT INTO `balance`.`CATEGORY` (ID,TEXT,ID_PARENT) VALUES (24,'Outros',15);
-- SAUDE
INSERT INTO `balance`.`CATEGORY` (ID,TEXT,ID_PARENT) VALUES (25,'Saúde',2);
INSERT INTO `balance`.`CATEGORY` (ID,TEXT,ID_PARENT) VALUES (26,'CASSI / SERPRO',25);
INSERT INTO `balance`.`CATEGORY` (ID,TEXT,ID_PARENT) VALUES (27,'Sulamerica Seguros',25);
INSERT INTO `balance`.`CATEGORY` (ID,TEXT,ID_PARENT) VALUES (28,'Plano Odontológico',25);
INSERT INTO `balance`.`CATEGORY` (ID,TEXT,ID_PARENT) VALUES (29,'Academia',25);
INSERT INTO `balance`.`CATEGORY` (ID,TEXT,ID_PARENT) VALUES (30,'Outros',25);
-- TRANSPORTE
INSERT INTO `balance`.`CATEGORY` (ID,TEXT,ID_PARENT) VALUES (31,'Transporte',2);
INSERT INTO `balance`.`CATEGORY` (ID,TEXT,ID_PARENT) VALUES (32,'Público',31);
INSERT INTO `balance`.`CATEGORY` (ID,TEXT,ID_PARENT) VALUES (33,'Combustível',31);
INSERT INTO `balance`.`CATEGORY` (ID,TEXT,ID_PARENT) VALUES (34,'Seguro',31);
INSERT INTO `balance`.`CATEGORY` (ID,TEXT,ID_PARENT) VALUES (35,'IPVA',31);
INSERT INTO `balance`.`CATEGORY` (ID,TEXT,ID_PARENT) VALUES (36,'Manutenção',31);
INSERT INTO `balance`.`CATEGORY` (ID,TEXT,ID_PARENT) VALUES (37,'Licenciamento',31);
INSERT INTO `balance`.`CATEGORY` (ID,TEXT,ID_PARENT) VALUES (38,'Rav4 EUA',31);
INSERT INTO `balance`.`CATEGORY` (ID,TEXT,ID_PARENT) VALUES (39,'Vale transporte',31);
INSERT INTO `balance`.`CATEGORY` (ID,TEXT,ID_PARENT) VALUES (40,'Outros',31);
-- PESSOAIS
INSERT INTO `balance`.`CATEGORY` (ID,TEXT,ID_PARENT) VALUES (41,'Pessoais',2);
INSERT INTO `balance`.`CATEGORY` (ID,TEXT,ID_PARENT) VALUES (42,'Higiene Pessoal (cabelo, ...)',41);
INSERT INTO `balance`.`CATEGORY` (ID,TEXT,ID_PARENT) VALUES (43,'Vestuário',41);
INSERT INTO `balance`.`CATEGORY` (ID,TEXT,ID_PARENT) VALUES (44,'Presentes',41);
INSERT INTO `balance`.`CATEGORY` (ID,TEXT,ID_PARENT) VALUES (45,'Doações',41);
INSERT INTO `balance`.`CATEGORY` (ID,TEXT,ID_PARENT) VALUES (46,'Outros',41);
-- LAZER
INSERT INTO `balance`.`CATEGORY` (ID,TEXT,ID_PARENT) VALUES (47,'Lazer',2);
INSERT INTO `balance`.`CATEGORY` (ID,TEXT,ID_PARENT) VALUES (48,'Cinema / Teatro / Shows',47);
INSERT INTO `balance`.`CATEGORY` (ID,TEXT,ID_PARENT) VALUES (49,'Passagem aérea ',47);
INSERT INTO `balance`.`CATEGORY` (ID,TEXT,ID_PARENT) VALUES (50,'Custos Extras de Viagem',47);
INSERT INTO `balance`.`CATEGORY` (ID,TEXT,ID_PARENT) VALUES (51,'Hotel',47);
INSERT INTO `balance`.`CATEGORY` (ID,TEXT,ID_PARENT) VALUES (52,'Aluguel de carro ',47);
INSERT INTO `balance`.`CATEGORY` (ID,TEXT,ID_PARENT) VALUES (53,'Restaurantes / Festas',47);
INSERT INTO `balance`.`CATEGORY` (ID,TEXT,ID_PARENT) VALUES (54,'Futebol',47);
INSERT INTO `balance`.`CATEGORY` (ID,TEXT,ID_PARENT) VALUES (55,'Clube do Cocotá',47);
INSERT INTO `balance`.`CATEGORY` (ID,TEXT,ID_PARENT) VALUES (56,'Outros',47);
-- CASAMENTO
INSERT INTO `balance`.`CATEGORY` (ID,TEXT,ID_PARENT) VALUES (57,'Casamento',2);
INSERT INTO `balance`.`CATEGORY` (ID,TEXT,ID_PARENT) VALUES (58,'Casa de festas',57);
INSERT INTO `balance`.`CATEGORY` (ID,TEXT,ID_PARENT) VALUES (59,'Foto / Filmagem',57);
INSERT INTO `balance`.`CATEGORY` (ID,TEXT,ID_PARENT) VALUES (60,'Vestido de Noiva',57);
INSERT INTO `balance`.`CATEGORY` (ID,TEXT,ID_PARENT) VALUES (61,'Bem casado',57);
INSERT INTO `balance`.`CATEGORY` (ID,TEXT,ID_PARENT) VALUES (62,'Buquê',57);
INSERT INTO `balance`.`CATEGORY` (ID,TEXT,ID_PARENT) VALUES (63,'Hotel',57);
INSERT INTO `balance`.`CATEGORY` (ID,TEXT,ID_PARENT) VALUES (64,'Padre',57);
INSERT INTO `balance`.`CATEGORY` (ID,TEXT,ID_PARENT) VALUES (65,'Certidão de Habilitação',57);
INSERT INTO `balance`.`CATEGORY` (ID,TEXT,ID_PARENT) VALUES (66,'Caio Lima',57);
INSERT INTO `balance`.`CATEGORY` (ID,TEXT,ID_PARENT) VALUES (67,'Outros',57);
-- ENCARGOS
INSERT INTO `balance`.`CATEGORY` (ID,TEXT,ID_PARENT) VALUES (68,'Encargos Financeiros',2);
INSERT INTO `balance`.`CATEGORY` (ID,TEXT,ID_PARENT) VALUES (69,'Previdência Social',68);
INSERT INTO `balance`.`CATEGORY` (ID,TEXT,ID_PARENT) VALUES (70,'Previdência Privada',68);
INSERT INTO `balance`.`CATEGORY` (ID,TEXT,ID_PARENT) VALUES (71,'Imposto de Renda',68);
INSERT INTO `balance`.`CATEGORY` (ID,TEXT,ID_PARENT) VALUES (72,'Adiantamento a Pessoal',68);
INSERT INTO `balance`.`CATEGORY` (ID,TEXT,ID_PARENT) VALUES (73,'Adiantamento do 13º',68);
INSERT INTO `balance`.`CATEGORY` (ID,TEXT,ID_PARENT) VALUES (74,'Contribuição Sindical',68);
INSERT INTO `balance`.`CATEGORY` (ID,TEXT,ID_PARENT) VALUES (75,'Transferências para EUA',68);
INSERT INTO `balance`.`CATEGORY` (ID,TEXT,ID_PARENT) VALUES (76,'Tarifas Bancárias',68);
-- TRANSACTION
INSERT INTO `balance`.`TRANSACTION` (ID_TYPE,ID_CATEGORY,ID_PERSON,VALUE,TRANSACTIONDATE) VALUES (1,3,1,5934.59,'2014-05-01');
INSERT INTO `balance`.`TRANSACTION` (ID_TYPE,ID_CATEGORY,ID_PERSON,VALUE,TRANSACTIONDATE) VALUES (1,4,1,890.18,'2014-05-01');
INSERT INTO `balance`.`TRANSACTION` (ID_TYPE,ID_CATEGORY,ID_PERSON,VALUE,TRANSACTIONDATE) VALUES (1,5,1,474.76,'2014-05-01');
INSERT INTO `balance`.`TRANSACTION` (ID_TYPE,ID_CATEGORY,ID_PERSON,VALUE,TRANSACTIONDATE) VALUES (1,6,1,1553.91,'2014-05-01');
INSERT INTO `balance`.`TRANSACTION` (ID_TYPE,ID_CATEGORY,ID_PERSON,VALUE,TRANSACTIONDATE) VALUES (2,69,1,482.92,'2014-05-01');
INSERT INTO `balance`.`TRANSACTION` (ID_TYPE,ID_CATEGORY,ID_PERSON,VALUE,TRANSACTIONDATE) VALUES (2,71,1,1475.74,'2014-05-01');
INSERT INTO `balance`.`TRANSACTION` (ID_TYPE,ID_CATEGORY,ID_PERSON,VALUE,TRANSACTIONDATE) VALUES (1,3,2,4737.60,'2014-05-01');
INSERT INTO `balance`.`TRANSACTION` (ID_TYPE,ID_CATEGORY,ID_PERSON,VALUE,TRANSACTIONDATE) VALUES (1,9,2,1140.71,'2014-05-01');
INSERT INTO `balance`.`TRANSACTION` (ID_TYPE,ID_CATEGORY,ID_PERSON,VALUE,TRANSACTIONDATE) VALUES (2,69,2,482.93,'2014-05-01');
INSERT INTO `balance`.`TRANSACTION` (ID_TYPE,ID_CATEGORY,ID_PERSON,VALUE,TRANSACTIONDATE) VALUES (2,71,2,657.57,'2014-05-01');
INSERT INTO `balance`.`TRANSACTION` (ID_TYPE,ID_CATEGORY,ID_PERSON,VALUE,TRANSACTIONDATE) VALUES (1,3,1,5934.59,'2014-06-01');


alter table `balance`.`CATEGORY` add column nr_order integer not null;
UPDATE `balance`.`CATEGORY` SET `nr_order`='1' WHERE `id`='1';
UPDATE `balance`.`CATEGORY` SET `nr_order`='2' WHERE `id`='2';
UPDATE `balance`.`CATEGORY` SET `nr_order`='1' WHERE `id`='3';
UPDATE `balance`.`CATEGORY` SET `nr_order`='2' WHERE `id`='4';
UPDATE `balance`.`CATEGORY` SET `nr_order`='3' WHERE `id`='5';
UPDATE `balance`.`CATEGORY` SET `nr_order`='4' WHERE `id`='6';
UPDATE `balance`.`CATEGORY` SET `nr_order`='5' WHERE `id`='7';
UPDATE `balance`.`CATEGORY` SET `nr_order`='6' WHERE `id`='8';
UPDATE `balance`.`CATEGORY` SET `nr_order`='7' WHERE `id`='9';
UPDATE `balance`.`CATEGORY` SET `nr_order`='8' WHERE `id`='10';
UPDATE `balance`.`CATEGORY` SET `nr_order`='1' WHERE `id`='11';
UPDATE `balance`.`CATEGORY` SET `nr_order`='1' WHERE `id`='12';
UPDATE `balance`.`CATEGORY` SET `nr_order`='2' WHERE `id`='13';
UPDATE `balance`.`CATEGORY` SET `nr_order`='3' WHERE `id`='14';
UPDATE `balance`.`CATEGORY` SET `nr_order`='2' WHERE `id`='15';
UPDATE `balance`.`CATEGORY` SET `nr_order`='1' WHERE `id`='16';
UPDATE `balance`.`CATEGORY` SET `nr_order`='2' WHERE `id`='17';
UPDATE `balance`.`CATEGORY` SET `nr_order`='3' WHERE `id`='18';
UPDATE `balance`.`CATEGORY` SET `nr_order`='4' WHERE `id`='19';
UPDATE `balance`.`CATEGORY` SET `nr_order`='5' WHERE `id`='20';
UPDATE `balance`.`CATEGORY` SET `nr_order`='6' WHERE `id`='21';
UPDATE `balance`.`CATEGORY` SET `nr_order`='7' WHERE `id`='22';
UPDATE `balance`.`CATEGORY` SET `nr_order`='8' WHERE `id`='23';
UPDATE `balance`.`CATEGORY` SET `nr_order`='9' WHERE `id`='24';
UPDATE `balance`.`CATEGORY` SET `nr_order`='3' WHERE `id`='25';
UPDATE `balance`.`CATEGORY` SET `nr_order`='1' WHERE `id`='26';
UPDATE `balance`.`CATEGORY` SET `nr_order`='2' WHERE `id`='27';
UPDATE `balance`.`CATEGORY` SET `nr_order`='3' WHERE `id`='28';
UPDATE `balance`.`CATEGORY` SET `nr_order`='4' WHERE `id`='29';
UPDATE `balance`.`CATEGORY` SET `nr_order`='5' WHERE `id`='30';
UPDATE `balance`.`CATEGORY` SET `nr_order`='4' WHERE `id`='31';
UPDATE `balance`.`CATEGORY` SET `nr_order`='1' WHERE `id`='32';
UPDATE `balance`.`CATEGORY` SET `nr_order`='2' WHERE `id`='33';
UPDATE `balance`.`CATEGORY` SET `nr_order`='3' WHERE `id`='34';
UPDATE `balance`.`CATEGORY` SET `nr_order`='4' WHERE `id`='35';
UPDATE `balance`.`CATEGORY` SET `nr_order`='5' WHERE `id`='36';
UPDATE `balance`.`CATEGORY` SET `nr_order`='6' WHERE `id`='37';
UPDATE `balance`.`CATEGORY` SET `nr_order`='7' WHERE `id`='38';
UPDATE `balance`.`CATEGORY` SET `nr_order`='8' WHERE `id`='39';
UPDATE `balance`.`CATEGORY` SET `nr_order`='9' WHERE `id`='40';
UPDATE `balance`.`CATEGORY` SET `nr_order`='5' WHERE `id`='41';
UPDATE `balance`.`CATEGORY` SET `nr_order`='1' WHERE `id`='42';
UPDATE `balance`.`CATEGORY` SET `nr_order`='2' WHERE `id`='43';
UPDATE `balance`.`CATEGORY` SET `nr_order`='3' WHERE `id`='44';
UPDATE `balance`.`CATEGORY` SET `nr_order`='4' WHERE `id`='45';
UPDATE `balance`.`CATEGORY` SET `nr_order`='5' WHERE `id`='46';
UPDATE `balance`.`CATEGORY` SET `nr_order`='6' WHERE `id`='47';
UPDATE `balance`.`CATEGORY` SET `nr_order`='1' WHERE `id`='48';
UPDATE `balance`.`CATEGORY` SET `nr_order`='2' WHERE `id`='49';
UPDATE `balance`.`CATEGORY` SET `nr_order`='3' WHERE `id`='50';
UPDATE `balance`.`CATEGORY` SET `nr_order`='4' WHERE `id`='51';
UPDATE `balance`.`CATEGORY` SET `nr_order`='5' WHERE `id`='52';
UPDATE `balance`.`CATEGORY` SET `nr_order`='6' WHERE `id`='53';
UPDATE `balance`.`CATEGORY` SET `nr_order`='7' WHERE `id`='54';
UPDATE `balance`.`CATEGORY` SET `nr_order`='8' WHERE `id`='55';
UPDATE `balance`.`CATEGORY` SET `nr_order`='9' WHERE `id`='56';
UPDATE `balance`.`CATEGORY` SET `nr_order`='7' WHERE `id`='57';
UPDATE `balance`.`CATEGORY` SET `nr_order`='1' WHERE `id`='58';
UPDATE `balance`.`CATEGORY` SET `nr_order`='2' WHERE `id`='59';
UPDATE `balance`.`CATEGORY` SET `nr_order`='3' WHERE `id`='60';
UPDATE `balance`.`CATEGORY` SET `nr_order`='4' WHERE `id`='61';
UPDATE `balance`.`CATEGORY` SET `nr_order`='5' WHERE `id`='62';
UPDATE `balance`.`CATEGORY` SET `nr_order`='6' WHERE `id`='63';
UPDATE `balance`.`CATEGORY` SET `nr_order`='7' WHERE `id`='64';
UPDATE `balance`.`CATEGORY` SET `nr_order`='8' WHERE `id`='65';
UPDATE `balance`.`CATEGORY` SET `nr_order`='9' WHERE `id`='66';
UPDATE `balance`.`CATEGORY` SET `nr_order`='10' WHERE `id`='67';
UPDATE `balance`.`CATEGORY` SET `nr_order`='8' WHERE `id`='68';
UPDATE `balance`.`CATEGORY` SET `nr_order`='1' WHERE `id`='69';
UPDATE `balance`.`CATEGORY` SET `nr_order`='2' WHERE `id`='70';
UPDATE `balance`.`CATEGORY` SET `nr_order`='3' WHERE `id`='71';
UPDATE `balance`.`CATEGORY` SET `nr_order`='4' WHERE `id`='72';
UPDATE `balance`.`CATEGORY` SET `nr_order`='5' WHERE `id`='73';
UPDATE `balance`.`CATEGORY` SET `nr_order`='6' WHERE `id`='74';
UPDATE `balance`.`CATEGORY` SET `nr_order`='7' WHERE `id`='75';
UPDATE `balance`.`CATEGORY` SET `nr_order`='8' WHERE `id`='76';
UPDATE `balance`.`CATEGORY` SET `nr_order`='10' WHERE `id`='77';